date,Respiratory1_cases1,Total_cases1,Respiratory%1,Respiratory_cases,Total_cases,Respiratory%
2020/1/1,,,,1323,7694,0.171952171
2020/1/2,,,,1202,7801,0.15408281
2020/1/3,,,,1215,7885,0.154090044
2020/1/4,,,,1280,7142,0.179221507
2020/1/5,,,,1315,6052,0.217283543
2020/1/6,,,,1335,9098,0.146735546
2020/1/7,,,,1052,6543,0.160782516
2020/1/8,,,,989,5813,0.170135902
2020/1/9,,,,1170,7414,0.15780955
2020/1/10,,,,1271,8052,0.157848982
2020/1/11,,,,1153,7051,0.163522905
2020/1/12,,,,1104,6050,0.182479339
2020/1/13,,,,1369,9347,0.146464106
2020/1/14,,,,1068,8287,0.128876554
2020/1/15,,,,1188,8373,0.141884629
2020/1/16,,,,1191,7941,0.149981111
2020/1/17,,,,1179,7290,0.161728395
2020/1/18,,,,987,6656,0.14828726
2020/1/19,,,,1036,5516,0.187817259
2020/1/20,,,,1293,8877,0.145657317
2020/1/21,,,,1238,7630,0.16225426
2020/1/22,,,,1361,6726,0.202349093
2020/1/23,,,,1350,5230,0.258126195
2020/1/24,,,,954,2702,0.353071799
2020/1/25,,,,912,2110,0.432227488
2020/1/26,,,,1032,2401,0.429820908
2020/1/27,,,,912,2759,0.330554549
2020/1/28,,,,784,2689,0.2915582
2020/1/29,,,,741,2651,0.279517163
2020/1/30,,,,648,2622,0.247139588
2020/1/31,,,,623,2683,0.232202758
2020/2/1,,,,462,2510,0.184063745
2020/2/2,,,,437,1783,0.245092541
2020/2/3,,,,522,3113,0.167683906
2020/2/4,,,,411,2207,0.186225646
2020/2/5,,,,398,1976,0.201417004
2020/2/6,,,,349,1951,0.178882624
2020/2/7,,,,379,1897,0.199789141
2020/2/8,,,,299,1602,0.186641698
2020/2/9,,,,307,1345,0.228252788
2020/2/10,,,,357,1996,0.178857715
2020/2/11,,,,297,1825,0.162739726
2020/2/12,,,,329,1915,0.171801567
2020/2/13,,,,352,2209,0.159348121
2020/2/14,,,,354,2098,0.168732126
2020/2/15,,,,217,1299,0.167051578
2020/2/16,,,,277,1279,0.21657545
2020/2/17,,,,319,2403,0.132750728
2020/2/18,,,,309,2489,0.124146243
2020/2/19,,,,327,2666,0.122655664
2020/2/20,,,,306,2717,0.112624218
2020/2/21,,,,323,2694,0.119896065
2020/2/22,,,,291,2416,0.12044702
2020/2/23,,,,336,2056,0.163424125
2020/2/24,,,,327,3131,0.104439476
2020/2/25,,,,321,2982,0.107645875
2020/2/26,,,,312,3324,0.093862816
2020/2/27,,,,299,3244,0.09217016
2020/2/28,,,,295,2883,0.102323968
2020/2/29,,,,275,3102,0.088652482
2020/3/1,,,,264,2309,0.11433521
2020/3/2,,,,385,4273,0.090100632
2020/3/3,,,,385,3843,0.100182149
2020/3/4,,,,371,3882,0.095569294
2020/3/5,,,,312,3831,0.081440877
2020/3/6,,,,358,4025,0.088944099
2020/3/7,,,,296,3576,0.082774049
2020/3/8,,,,325,3041,0.106872739
2020/3/9,,,,426,5385,0.079108635
2020/3/10,,,,363,4684,0.077497865
2020/3/11,,,,422,5049,0.083580907
2020/3/12,,,,427,5068,0.084254144
2020/3/13,,,,413,4794,0.086149353
2020/3/14,,,,311,4354,0.071428571
2020/3/15,,,,349,3933,0.088736334
2020/3/16,,,,538,6500,0.082769231
2020/3/17,,,,447,5713,0.078242605
2020/3/18,,,,458,5722,0.080041943
2020/3/19,,,,395,5419,0.072891677
2020/3/20,,,,455,5627,0.080860139
2020/3/21,,,,373,4904,0.076060359
2020/3/22,,,,411,4526,0.090808661
2020/3/23,,,,552,7126,0.077462812
2020/3/24,,,,372,5905,0.06299746
2020/3/25,,,,434,6123,0.070880287
2020/3/26,,,,414,5286,0.078320091
2020/3/27,,,,443,5559,0.079690592
2020/3/28,,,,352,5077,0.069332283
2020/3/29,,,,339,4234,0.080066131
2020/3/30,,,,548,6999,0.0782969
2020/3/31,,,,428,5743,0.074525509
2020/4/1,,,,402,6047,0.066479246
2020/4/2,,,,338,5576,0.06061693
2020/4/3,,,,412,5302,0.077706526
2020/4/4,,,,321,4904,0.06545677
2020/4/5,,,,309,4480,0.068973214
2020/4/6,,,,606,7467,0.081157091
2020/4/7,,,,484,6321,0.076570163
2020/4/8,,,,486,6326,0.076825798
2020/4/9,,,,405,5225,0.077511962
2020/4/10,,,,368,5750,0.064
2020/4/11,,,,324,5106,0.063454759
2020/4/12,,,,352,4409,0.079836698
2020/4/13,,,,520,7398,0.070289267
2020/4/14,,,,460,6265,0.073423783
2020/4/15,,,,458,6270,0.073046252
2020/4/16,,,,366,5236,0.069900688
2020/4/17,,,,436,6022,0.072401196
2020/4/18,,,,392,5375,0.072930233
2020/4/19,,,,378,4695,0.080511182
2020/4/20,,,,527,7238,0.072810169
2020/4/21,,,,404,6370,0.063422292
2020/4/22,,,,426,6298,0.067640521
2020/4/23,,,,321,5476,0.05861943
2020/4/24,,,,404,5960,0.067785235
2020/4/25,,,,297,5158,0.057580458
2020/4/26,,,,296,3976,0.07444668
2020/4/27,,,,456,6709,0.067968401
2020/4/28,,,,401,5867,0.068348389
2020/4/29,,,,389,6021,0.064607208
2020/4/30,,,,354,5525,0.064072398
2020/5/1,,,,413,5999,0.068844807
2020/5/2,,,,61,1921,0.031754295
2020/5/3,,,,91,1703,0.053435115
2020/5/4,,,,98,2313,0.042369217
2020/5/5,,,,57,2138,0.02666043
2020/5/6,,,,136,2506,0.054269753
2020/5/7,,,,92,2401,0.038317368
2020/5/8,,,,65,1881,0.034556087
2020/5/9,,,,77,1862,0.041353383
2020/5/10,,,,98,1968,0.049796748
2020/5/11,,,,110,2377,0.04627682
2020/5/12,,,,86,2486,0.034593725
2020/5/13,,,,100,2465,0.040567951
2020/5/14,,,,93,2140,0.043457944
2020/5/15,,,,104,2467,0.042156465
2020/5/16,,,,81,2116,0.038279773
2020/5/17,,,,92,1894,0.048574446
2020/5/18,,,,106,2410,0.043983402
2020/5/19,,,,95,2525,0.037623762
2020/5/20,,,,111,2417,0.0459247
2020/5/21,,,,82,2349,0.034908472
2020/5/22,,,,119,2527,0.047091413
2020/5/23,,,,117,2185,0.053546911
2020/5/24,,,,114,2048,0.055664063
2020/5/25,,,,139,2887,0.048146865
2020/5/26,,,,71,2571,0.027615714
2020/5/27,,,,132,2500,0.0528
2020/5/28,,,,112,2369,0.047277332
2020/5/29,,,,99,2253,0.043941411
2020/5/30,,,,112,2009,0.055749129
2020/5/31,,,,116,1940,0.059793814
2020/6/1,,,,122,2461,0.049573344
2020/6/2,,,,506,6449,0.078461777
2020/6/3,,,,470,6491,0.072407949
2020/6/4,,,,454,6209,0.073119665
2020/6/5,,,,434,6139,0.070695553
2020/6/6,,,,436,5719,0.076237104
2020/6/7,,,,417,5047,0.082623341
2020/6/8,,,,565,7229,0.078157421
2020/6/9,,,,461,6210,0.074235105
2020/6/10,,,,471,5826,0.08084449
2020/6/11,,,,418,5525,0.075656109
2020/6/12,,,,525,5600,0.09375
2020/6/13,,,,538,5209,0.10328278
2020/6/14,,,,573,4964,0.115431104
2020/6/15,,,,759,7318,0.103716863
2020/6/16,,,,762,6460,0.117956656
2020/6/17,,,,733,6202,0.118187681
2020/6/18,,,,674,5811,0.115986921
2020/6/19,,,,618,5691,0.108592514
2020/6/20,,,,596,4923,0.121064392
2020/6/21,,,,629,4182,0.150406504
2020/6/22,,,,681,6195,0.109927361
2020/6/23,,,,520,4910,0.105906314
2020/6/24,,,,509,5233,0.097267342
2020/6/25,,,,568,5541,0.102508572
2020/6/26,,,,529,5112,0.103482003
2020/6/27,,,,443,5163,0.085802828
2020/6/28,,,,441,4563,0.096646943
2020/6/29,,,,555,7027,0.078981073
2020/6/30,,,,467,5957,0.078395165
2020/7/1,,,,485,5904,0.082147696
2020/7/2,,,,499,6021,0.082876599
2020/7/3,,,,447,5836,0.076593557
2020/7/4,,,,450,5101,0.088217996
2020/7/5,,,,434,4523,0.095954013
2020/7/6,,,,540,7316,0.073810826
2020/7/7,,,,472,6304,0.074873096
2020/7/8,,,,494,6443,0.076672358
2020/7/9,,,,421,5905,0.071295512
2020/7/10,,,,483,5946,0.08123108
2020/7/11,,,,444,5344,0.083083832
2020/7/12,,,,322,4194,0.076776347
2020/7/13,,,,549,7260,0.075619835
2020/7/14,,,,505,6519,0.077465869
2020/7/15,,,,486,6551,0.074187147
2020/7/16,,,,462,6140,0.0752443
2020/7/17,,,,441,6186,0.07129001
2020/7/18,,,,401,4901,0.081820037
2020/7/19,,,,346,4454,0.077682982
2020/7/20,,,,562,7642,0.073540958
2020/7/21,,,,487,6160,0.079058442
2020/7/22,,,,471,6359,0.07406825
2020/7/23,,,,430,6006,0.071595072
2020/7/24,,,,443,6501,0.068143363
2020/7/25,,,,411,5599,0.073405965
2020/7/26,,,,463,4994,0.092711254
2020/7/27,,,,579,8226,0.070386579
2020/7/28,,,,469,6756,0.069419775
2020/7/29,,,,499,6824,0.073124267
2020/7/30,,,,424,6123,0.069247101
2020/7/31,,,,444,6012,0.073852295
2020/8/1,,,,423,5420,0.07804428
2020/8/2,,,,412,4769,0.086391277
2020/8/3,,,,557,7957,0.070001257
2020/8/4,,,,447,6277,0.071212363
2020/8/5,,,,495,6758,0.073246523
2020/8/6,,,,377,5429,0.069441886
2020/8/7,,,,435,5511,0.078933043
2020/8/8,,,,412,5408,0.076183432
2020/8/9,,,,372,4993,0.074504306
2020/8/10,,,,558,8067,0.069170695
2020/8/11,,,,464,6405,0.072443404
2020/8/12,,,,461,6555,0.070327994
2020/8/13,,,,492,6148,0.080026025
2020/8/14,,,,435,6203,0.070127358
2020/8/15,,,,411,5236,0.078495034
2020/8/16,,,,403,4747,0.084895724
2020/8/17,,,,556,7403,0.075104687
2020/8/18,,,,466,6132,0.075994781
2020/8/19,,,,443,6059,0.073114375
2020/8/20,,,,420,5743,0.073132509
2020/8/21,,,,476,6330,0.075197472
2020/8/22,,,,468,5563,0.084127269
2020/8/23,,,,448,5058,0.088572558
2020/8/24,,,,733,7996,0.091670835
2020/8/25,,,,581,6932,0.083814195
2020/8/26,,,,480,5928,0.08097166
2020/8/27,,,,490,6331,0.077396936
2020/8/28,,,,550,6448,0.085297767
2020/8/29,,,,466,5389,0.086472444
2020/8/30,,,,478,4898,0.097590853
2020/8/31,,,,631,6849,0.092130238
2020/9/1,,,,527,6237,0.084495751
2020/9/2,,,,451,6089,0.074067991
2020/9/3,,,,510,6011,0.084844452
2020/9/4,,,,579,5840,0.099143836
2020/9/5,,,,669,5764,0.116065232
2020/9/6,,,,640,4941,0.129528436
2020/9/7,,,,745,7314,0.101859448
2020/9/8,,,,671,6499,0.103246653
2020/9/9,,,,591,5960,0.099161074
2020/9/10,,,,568,5958,0.095334005
2020/9/11,,,,627,5723,0.109557924
2020/9/12,,,,710,5505,0.12897366
2020/9/13,,,,597,4817,0.12393606
2020/9/14,,,,745,7423,0.100363734
2020/9/15,,,,603,6302,0.09568391
2020/9/16,,,,567,6359,0.089164963
2020/9/17,,,,568,5611,0.101229727
2020/9/18,,,,594,5648,0.105169972
2020/9/19,,,,713,5325,0.133896714
2020/9/20,,,,696,4783,0.145515367
2020/9/21,,,,761,7032,0.108219568
2020/9/22,,,,642,5997,0.107053527
2020/9/23,,,,600,6160,0.097402597
2020/9/24,,,,561,5601,0.100160686
2020/9/25,,,,599,5366,0.111628774
2020/9/26,,,,629,5050,0.124554455
2020/9/27,,,,539,3898,0.138276039
2020/9/28,,,,669,6386,0.104760413
2020/9/29,,,,607,5463,0.111111111
2020/9/30,,,,578,5321,0.108626198
2020/10/1,,,,556,4394,0.126536186
2020/10/2,,,,789,5994,0.131631632
2020/10/3,,,,598,5655,0.105747126
2020/10/4,,,,636,4631,0.137335349
2020/10/5,,,,775,7170,0.108089261
2020/10/6,,,,745,6253,0.119142811
2020/10/7,,,,725,6463,0.112177008
2020/10/8,,,,718,6329,0.113446042
2020/10/9,,,,618,6126,0.100881489
2020/10/10,,,,518,5013,0.103331339
2020/10/11,,,,646,5014,0.12883925
2020/10/12,,,,775,8535,0.090802578
2020/10/13,,,,610,6590,0.092564492
2020/10/14,,,,613,6085,0.100739523
2020/10/15,,,,587,5948,0.098688635
2020/10/16,,,,619,5588,0.110773085
2020/10/17,,,,693,5451,0.127132636
2020/10/18,,,,613,4722,0.129817874
2020/10/19,,,,756,7023,0.107646305
2020/10/20,,,,697,6172,0.112929358
2020/10/21,,,,690,6237,0.110630111
2020/10/22,,,,601,5783,0.103925298
2020/10/23,,,,672,5557,0.120928559
2020/10/24,,,,775,5430,0.142725599
2020/10/25,,,,771,4873,0.158218756
2020/10/26,,,,828,7317,0.113161132
2020/10/27,,,,744,6213,0.119748914
2020/10/28,,,,803,6248,0.128521127
2020/10/29,,,,716,5793,0.123597445
2020/10/30,,,,686,5798,0.118316661
2020/10/31,,,,821,5458,0.1504214
2020/11/1,,,,761,4972,0.15305712
2020/11/2,,,,849,7570,0.112153236
2020/11/3,,,,743,6404,0.116021237
2020/11/4,,,,807,6282,0.128462273
2020/11/5,,,,717,6081,0.117908239
2020/11/6,,,,729,6268,0.116305041
2020/11/7,,,,797,5826,0.136800549
2020/11/8,,,,793,4984,0.159109149
2020/11/9,,,,884,7429,0.118993135
2020/11/10,,,,796,6383,0.124706251
2020/11/11,,,,823,6314,0.130345264
2020/11/12,,,,720,5807,0.12398829
2020/11/13,,,,699,5808,0.12035124
2020/11/14,,,,748,5477,0.136571116
2020/11/15,,,,809,4808,0.168261231
2020/11/16,,,,848,7492,0.1131874
2020/11/17,,,,752,6234,0.12062881
2020/11/18,,,,755,5847,0.129126048
2020/11/19,,,,651,5897,0.110395116
2020/11/20,,,,673,5799,0.116054492
2020/11/21,,,,757,5581,0.135638774
2020/11/22,,,,725,4915,0.14750763
2020/11/23,,,,804,7367,0.109135333
2020/11/24,,,,717,6377,0.112435314
2020/11/25,,,,768,6604,0.116293156
2020/11/26,,,,693,6171,0.112299465
2020/11/27,,,,650,5987,0.108568565
2020/11/28,,,,645,5750,0.112173913
2020/11/29,,,,672,4859,0.138300062
2020/11/30,,,,821,7134,0.115082703
2020/12/1,,,,794,6249,0.12706033
2020/12/2,,,,698,6175,0.113036437
2020/12/3,,,,692,5753,0.120285069
2020/12/4,,,,666,5819,0.114452655
2020/12/5,,,,742,5790,0.128151986
2020/12/6,,,,772,5048,0.152931854
2020/12/7,,,,965,7731,0.124822145
2020/12/8,,,,791,6338,0.124802777
2020/12/9,,,,825,6399,0.128926395
2020/12/10,,,,795,6235,0.127506014
2020/12/11,,,,763,6026,0.126617989
2020/12/12,,,,746,5525,0.135022624
2020/12/13,,,,764,4588,0.16652136
2020/12/14,,,,1001,7134,0.140313989
2020/12/15,,,,855,6195,0.138014528
2020/12/16,,,,820,6516,0.125844076
2020/12/17,,,,790,6131,0.128853368
2020/12/18,,,,760,5841,0.130114706
2020/12/19,,,,840,5339,0.157332834
2020/12/20,,,,888,4920,0.180487805
2020/12/21,,,,1021,7465,0.136771601
2020/12/22,,,,948,6889,0.137610684
2020/12/23,,,,977,6705,0.145712155
2020/12/24,,,,893,6025,0.148215768
2020/12/25,,,,815,6391,0.127523079
2020/12/26,,,,958,5707,0.167864027
2020/12/27,,,,934,5148,0.181429681
2020/12/28,,,,1050,7607,0.138030761
2020/12/29,,,,513,3441,0.149084568
2020/12/30,,,,512,3468,0.147635525
2020/12/31,,,,552,4152,0.132947977
2021/1/1,,,,804,5266,0.152677554
2021/1/2,,,,773,5394,0.143307379
2021/1/3,,,,767,4620,0.166017316
2021/1/4,,,,916,7532,0.121614445
2021/1/5,,,,803,6660,0.120570571
2021/1/6,,,,705,6123,0.115139637
2021/1/7,,,,513,4396,0.116696997
2021/1/8,,,,594,5033,0.118021061
2021/1/9,,,,608,4994,0.121746095
2021/1/10,,,,632,4620,0.136796537
2021/1/11,,,,884,7452,0.118625872
2021/1/12,,,,702,6756,0.103907638
2021/1/13,,,,648,6632,0.097708082
2021/1/14,,,,612,6266,0.097669965
2021/1/15,,,,577,5702,0.101192564
2021/1/16,,,,544,4832,0.112582781
2021/1/17,,,,562,4239,0.132578438
2021/1/18,,,,708,6603,0.107223989
2021/1/19,,,,594,5834,0.101816935
2021/1/20,,,,612,5626,0.108780661
2021/1/21,,,,507,5251,0.096553038
2021/1/22,,,,556,4991,0.111400521
2021/1/23,,,,584,4447,0.131324488
2021/1/24,,,,500,3855,0.129701686
2021/1/25,,,,604,6031,0.100149229
2021/1/26,,,,523,5253,0.099562155
2021/1/27,,,,568,5371,0.105753119
2021/1/28,,,,503,5544,0.090728716
2021/1/29,,,,534,5235,0.102005731
2021/1/30,,,,405,4087,0.09909469
2021/1/31,,,,442,3875,0.114064516
2021/2/1,,,,577,6642,0.086871424
2021/2/2,,,,478,5856,0.081625683
2021/2/3,,,,538,5499,0.09783597
2021/2/4,,,,440,4977,0.088406671
2021/2/5,,,,516,5109,0.100998238
2021/2/6,,,,400,4441,0.090069804
2021/2/7,,,,333,3444,0.096689895
2021/2/8,,,,474,5420,0.087453875
2021/2/9,,,,406,4342,0.093505297
2021/2/10,,,,351,3353,0.104682374
2021/2/11,,,,157,1172,0.133959044
2021/2/12,,,,144,883,0.163080408
2021/2/13,,,,207,1793,0.115448968
2021/2/14,,,,305,2332,0.130789022
2021/2/15,,,,419,3945,0.106210393
2021/2/16,,,,431,4483,0.096140977
2021/2/17,,,,476,5526,0.086138256
2021/2/18,,,,479,5950,0.080504202
2021/2/19,,,,492,6077,0.080961
2021/2/20,,,,407,4568,0.089098074
2021/2/21,,,,417,4595,0.090750816
2021/2/22,,,,667,7454,0.089482157
2021/2/23,,,,514,6571,0.078222493
2021/2/24,,,,475,6094,0.07794552
2021/2/25,,,,383,4903,0.07811544
2021/2/26,,,,416,4923,0.08450132
2021/2/27,,,,386,4956,0.077885391
2021/2/28,,,,392,4445,0.088188976
2021/3/1,,,,409,5778,0.070785739
2021/3/2,,,,405,6195,0.065375303
2021/3/3,,,,425,6338,0.067055854
2021/3/4,,,,402,5882,0.068344101
2021/3/5,,,,420,5808,0.07231405
2021/3/6,,,,425,5004,0.084932054
2021/3/7,,,,453,4835,0.09369183
2021/3/8,,,,541,7072,0.076498869
2021/3/9,,,,437,6451,0.067741435
2021/3/10,,,,468,6393,0.073205068
2021/3/11,,,,451,5628,0.080135039
2021/3/12,,,,471,5729,0.082213301
2021/3/13,,,,501,5375,0.093209302
2021/3/14,,,,513,4962,0.103385732
2021/3/15,,,,643,7246,0.088738614
2021/3/16,,,,510,6544,0.077933985
2021/3/17,,,,543,6310,0.086053883
2021/3/18,,,,524,5979,0.087640074
2021/3/19,,,,509,6003,0.084790938
2021/3/20,,,,550,5585,0.098478066
2021/3/21,,,,474,5164,0.091789311
2021/3/22,,,,681,7643,0.089101138
2021/3/23,,,,573,6583,0.087042382
2021/3/24,,,,547,6431,0.085056756
2021/3/25,,,,558,6034,0.09247597
2021/3/26,,,,537,5899,0.091032378
2021/3/27,,,,529,5341,0.099045123
2021/3/28,,,,525,4818,0.108966376
2021/3/29,,,,744,7460,0.099731903
2021/3/30,,,,551,6156,0.089506173
2021/3/31,,,,617,6044,0.102084712
2021/4/1,,,,581,6153,0.094425484
2021/4/2,,,,519,5506,0.094260806
2021/4/3,,,,579,5153,0.112361731
2021/4/4,,,,538,4865,0.110585817
2021/4/5,,,,811,7474,0.1085095
2021/4/6,,,,607,7048,0.086123723
2021/4/7,,,,616,6789,0.090735013
2021/4/8,,,,525,6049,0.086791205
2021/4/9,,,,557,5981,0.093128239
2021/4/10,,,,685,5632,0.12162642
2021/4/11,,,,679,5007,0.135610146
2021/4/12,,,,764,7621,0.100249311
2021/4/13,,,,615,6721,0.09150424
2021/4/14,,,,580,6334,0.091569308
2021/4/15,,,,586,6156,0.095191683
2021/4/16,,,,590,5823,0.101322342
2021/4/17,,,,718,5729,0.125327282
2021/4/18,,,,636,4958,0.128277531
2021/4/19,,,,819,7602,0.107734807
2021/4/20,,,,720,7065,0.101910828
2021/4/21,,,,707,6357,0.111215982
2021/4/22,,,,630,5594,0.112620665
2021/4/23,,,,636,6231,0.102070294
2021/4/24,,,,754,5839,0.129131701
2021/4/25,,,,575,4467,0.128721737
2021/4/26,,,,688,6696,0.102747909
2021/4/27,,,,691,7054,0.097958605
2021/4/28,,,,724,6789,0.106643099
2021/4/29,,,,669,6129,0.109153206
2021/4/30,,,,640,6064,0.105540897
2021/5/1,,,,769,6343,0.121236008
2021/5/2,,,,716,5544,0.129148629
2021/5/3,,,,930,7797,0.119276645
2021/5/4,,,,830,7035,0.117981521
2021/5/5,,,,929,6972,0.133247275
2021/5/6,,,,724,6715,0.107818317
2021/5/7,,,,702,6692,0.104901375
2021/5/8,,,,673,5147,0.13075578
2021/5/9,,,,797,5372,0.148361876
2021/5/10,,,,824,7682,0.107263733
2021/5/11,,,,802,7370,0.108819539
2021/5/12,,,,766,6810,0.112481645
2021/5/13,,,,727,6503,0.111794556
2021/5/14,,,,690,6232,0.11071887
2021/5/15,,,,847,5928,0.142881242
2021/5/16,,,,717,5051,0.141952089
2021/5/17,,,,924,7913,0.116769872
2021/5/18,,,,813,7078,0.114862956
2021/5/19,,,,797,6699,0.118972981
2021/5/20,,,,739,6235,0.118524459
2021/5/21,,,,806,6386,0.126213592
2021/5/22,,,,860,5862,0.146707608
2021/5/23,,,,896,5604,0.159885796
2021/5/24,,,,988,8168,0.120959843
2021/5/25,,,,896,7202,0.124409886
2021/5/26,,,,854,6866,0.124381008
2021/5/27,,,,900,6727,0.133789208
2021/5/28,,,,863,6566,0.131434663
2021/5/29,,,,883,5705,0.154776512
2021/5/30,,,,852,5309,0.1604822
2021/5/31,,,,1070,7973,0.134202935
2021/6/1,,,,805,6993,0.115115115
2021/6/2,,,,861,7272,0.11839934
2021/6/3,,,,784,6353,0.123406265
2021/6/4,,,,823,6338,0.129851688
2021/6/5,,,,951,6189,0.153659719
2021/6/6,,,,1089,5710,0.190718039
2021/6/7,,,,1104,8472,0.130311615
2021/6/8,,,,973,7135,0.136370007
2021/6/9,,,,879,6923,0.126968077
2021/6/10,,,,839,6139,0.13666721
2021/6/11,,,,804,6410,0.125429017
2021/6/12,,,,872,5677,0.153602255
2021/6/13,,,,904,5374,0.168217343
2021/6/14,,,,1066,7464,0.142818864
2021/6/15,,,,902,7416,0.12162891
2021/6/16,,,,840,6936,0.121107266
2021/6/17,,,,746,6449,0.115676849
2021/6/18,,,,758,6412,0.118215845
2021/6/19,,,,881,5688,0.154887482
2021/6/20,,,,1010,5535,0.182475158
2021/6/21,,,,1178,7981,0.147600551
2021/6/22,,,,958,7368,0.130021716
2021/6/23,,,,827,6931,0.119319002
2021/6/24,,,,785,6242,0.125760974
2021/6/25,,,,752,6490,0.11587057
2021/6/26,,,,814,5830,0.139622642
2021/6/27,,,,826,5533,0.149286102
2021/6/28,,,,838,8117,0.103240113
2021/6/29,,,,765,6955,0.109992811
2021/6/30,,,,780,6932,0.112521639
2021/7/1,,,,773,6938,0.111415393
2021/7/2,,,,737,6765,0.108943089
2021/7/3,,,,815,5595,0.145665773
2021/7/4,,,,778,5622,0.138384916
2021/7/5,,,,889,8036,0.110627178
2021/7/6,,,,741,7040,0.105255682
2021/7/7,,,,886,7644,0.115907902
2021/7/8,,,,747,7071,0.105642766
2021/7/9,,,,803,6834,0.117500732
2021/7/10,,,,765,5906,0.129529292
2021/7/11,,,,727,5389,0.134904435
2021/7/12,,,,927,7920,0.117045455
2021/7/13,,,,780,7232,0.107853982
2021/7/14,,,,790,7211,0.109554847
2021/7/15,,,,740,6487,0.114074302
2021/7/16,,,,782,6881,0.113646272
2021/7/17,,,,745,5685,0.131046614
2021/7/18,,,,730,5649,0.129226412
2021/7/19,,,,922,8783,0.104975521
2021/7/20,,,,757,7707,0.098222395
2021/7/21,,,,763,7469,0.102155576
2021/7/22,,,,686,6522,0.105182459
2021/7/23,,,,805,6927,0.116211924
2021/7/24,,,,707,5495,0.12866242
2021/7/25,,,,678,5500,0.123272727
2021/7/26,,,,892,8641,0.103228793
2021/7/27,,,,733,7651,0.09580447
2021/7/28,,,,757,6959,0.108779997
2021/7/29,,,,513,4807,0.106719368
2021/7/30,,,,708,6640,0.106626506
2021/7/31,,,,678,5641,0.120191455
2021/8/1,,,,654,5192,0.12596302
2021/8/2,,,,790,8401,0.094036424
2021/8/3,,,,706,7102,0.099408617
2021/8/4,,,,698,6766,0.103162873
2021/8/5,,,,627,6278,0.099872571
2021/8/6,,,,631,6179,0.102120084
2021/8/7,,,,631,5346,0.118032174
2021/8/8,,,,650,5046,0.128814903
2021/8/9,,,,769,7875,0.097650794
2021/8/10,,,,669,6761,0.098949859
2021/8/11,,,,699,6770,0.103249631
2021/8/12,,,,574,6211,0.09241668
2021/8/13,,,,611,6349,0.096235628
2021/8/14,,,,619,5068,0.122138911
2021/8/15,,,,637,5094,0.125049077
2021/8/16,,,,812,7955,0.102074167
2021/8/17,,,,705,7330,0.096180082
2021/8/18,,,,706,6957,0.101480523
2021/8/19,,,,631,6453,0.097783976
2021/8/20,,,,607,5944,0.102119785
2021/8/21,,,,622,5699,0.109141955
2021/8/22,,,,626,5093,0.122913803
2021/8/23,,,,780,7856,0.099287169
2021/8/24,,,,708,7343,0.096418358
2021/8/25,,,,731,7117,0.102711817
2021/8/26,,,,702,6742,0.104123406
2021/8/27,,,,741,6771,0.109437306
2021/8/28,,,,739,5851,0.126303196
2021/8/29,,,,686,5106,0.134351743
2021/8/30,,,,698,7305,0.095550992
2021/8/31,,,,562,5395,0.104170528
2021/9/1,,,,616,6411,0.096084854
2021/9/2,,,,589,6455,0.091247095
2021/9/3,,,,601,6235,0.096391339
2021/9/4,,,,692,5472,0.126461988
2021/9/5,,,,711,5063,0.140430575
2021/9/6,,,,698,7401,0.09431158
2021/9/7,,,,596,6484,0.091918569
2021/9/8,,,,712,6711,0.106094472
2021/9/9,,,,728,6189,0.11762805
2021/9/10,,,,685,6018,0.113825191
2021/9/11,,,,846,5823,0.145285935
2021/9/12,,,,840,5359,0.156745662
2021/9/13,,,,798,7435,0.107330195
2021/9/14,,,,717,6439,0.111352695
2021/9/15,,,,741,6378,0.116180621
2021/9/16,,,,705,5881,0.119877572
2021/9/17,,,,644,5524,0.116582187
2021/9/18,,,,572,4345,0.13164557
2021/9/19,,,,745,4658,0.159939888
2021/9/20,,,,858,6618,0.129646419
2021/9/21,,,,702,4895,0.143411645
2021/9/22,,,,834,7474,0.111586834
2021/9/23,,,,805,7031,0.11449296
2021/9/24,,,,726,6613,0.109783759
2021/9/25,,,,897,5476,0.163805698
2021/9/26,,,,614,4488,0.136809269
2021/9/27,,,,859,7654,0.1122289
2021/9/28,,,,742,7150,0.103776224
2021/9/29,,,,768,7115,0.10794097
2021/9/30,,,,749,6431,0.116467112
2021/10/1,,,,979,7326,0.133633634
2021/10/2,,,,838,6534,0.128252219
2021/10/3,,,,953,5791,0.164565705
2021/10/4,,,,1002,7557,0.132592299
2021/10/5,,,,904,7232,0.125
2021/10/6,,,,934,7075,0.132014134
2021/10/7,,,,850,6246,0.136087096
2021/10/8,,,,693,6394,0.108382859
2021/10/9,,,,581,4994,0.116339608
2021/10/10,,,,840,5643,0.148856991
2021/10/11,,,,772,7607,0.101485474
2021/10/12,,,,749,7015,0.106771205
2021/10/13,,,,766,6792,0.112779741
2021/10/14,,,,411,4043,0.101657185
2021/10/15,,,,175,1331,0.13148009
2021/10/16,,,,230,1425,0.161403509
2021/10/17,,,,228,1257,0.181384248
2021/10/18,,,,206,1559,0.132135985
2021/10/19,,,,199,1469,0.135466304
2021/10/20,,,,208,1458,0.14266118
2021/10/21,,,,208,1525,0.136393443
2021/10/22,,,,210,1528,0.137434555
2021/10/23,,,,238,1540,0.154545455
2021/10/24,,,,212,1350,0.157037037
2021/10/25,,,,238,1987,0.119778561
2021/10/26,,,,211,1715,0.12303207
2021/10/27,,,,219,1653,0.132486388
2021/10/28,,,,210,1681,0.12492564
2021/10/29,,,,201,1656,0.121376812
2021/10/30,,,,264,1700,0.155294118
2021/10/31,,,,259,1579,0.164027866
2021/11/1,,,,257,1930,0.133160622
2021/11/2,,,,1069,7423,0.144011855
2021/11/3,,,,1169,7143,0.163656727
2021/11/4,,,,1142,6820,0.16744868
2021/11/5,,,,1096,6483,0.169057535
2021/11/6,,,,1340,6482,0.206726319
2021/11/7,,,,1145,5396,0.212194218
2021/11/8,,,,1026,6609,0.155242851
2021/11/9,,,,1156,7051,0.163948376
2021/11/10,,,,1109,7198,0.154070575
2021/11/11,,,,1080,6786,0.159151194
2021/11/12,,,,1028,6769,0.151868814
2021/11/13,,,,1305,6761,0.193018784
2021/11/14,,,,1358,6447,0.210640608
2021/11/15,,,,1279,8473,0.150950077
2021/11/16,,,,1192,7525,0.158405316
2021/11/17,,,,1129,7667,0.147254467
2021/11/18,,,,1171,7241,0.161717995
2021/11/19,,,,1113,7009,0.158795834
2021/11/20,,,,1286,6869,0.187217936
2021/11/21,,,,1260,6159,0.204578665
2021/11/22,,,,1143,7519,0.152014896
2021/11/23,,,,1064,6697,0.158877109
2021/11/24,,,,1038,6562,0.158183481
2021/11/25,,,,1052,6430,0.163608087
2021/11/26,,,,1052,6333,0.166114006
2021/11/27,,,,1185,6309,0.187826914
2021/11/28,,,,1241,6210,0.199838969
2021/11/29,,,,1229,7823,0.157100856
2021/11/30,,,,1074,7007,0.153275296
2021/12/1,,,,1052,6773,0.155322604
2021/12/2,,,,1043,6856,0.152129522
2021/12/3,,,,1011,7331,0.137907516
2021/12/4,,,,1186,6957,0.17047578
2021/12/5,,,,1268,6521,0.194448704
2021/12/6,,,,1425,9046,0.157528189
2021/12/7,,,,1190,7995,0.148843027
2021/12/8,,,,1226,7584,0.161656118
2021/12/9,,,,1165,6911,0.168571842
2021/12/10,,,,1180,6797,0.173606003
2021/12/11,,,,1379,6708,0.205575432
2021/12/12,,,,1388,6361,0.218204685
2021/12/13,,,,1378,8133,0.169433173
2021/12/14,,,,1391,7894,0.17620978
2021/12/15,,,,1313,8026,0.163593322
2021/12/16,,,,1277,7216,0.176967849
2021/12/17,,,,1194,6392,0.186795995
2021/12/18,,,,1337,6304,0.212087563
2021/12/19,,,,1489,6512,0.228654791
2021/12/20,,,,1571,8716,0.180243231
2021/12/21,,,,1453,7993,0.181784061
2021/12/22,,,,1474,7932,0.185829551
2021/12/23,,,,1388,7173,0.193503416
2021/12/24,,,,1004,5159,0.194611359
2021/12/25,,,,1344,5592,0.240343348
2021/12/26,,,,1386,5869,0.236156074
2021/12/27,,,,1477,8445,0.174896388
2021/12/28,,,,1499,8017,0.186977672
2021/12/29,,,,1444,7764,0.185986605
2021/12/30,,,,1360,6945,0.195824334
2021/12/31,,,,1200,6675,0.179775281
2022/1/1,6160,25181,0.244628887,1813,7876,0.230192991
2022/1/2,6612,29245,0.22608993,1716,7184,0.238864143
2022/1/3,4981,23715,0.210035842,1634,8209,0.199049823
2022/1/4,8956,33993,0.263466008,1872,10281,0.182083455
2022/1/5,10065,37834,0.266030555,1739,9539,0.182304225
2022/1/6,8624,38200,0.225759162,1608,8788,0.182976787
2022/1/7,7932,32806,0.241785039,1506,8240,0.18276699
2022/1/8,10704,39509,0.270925612,1633,7753,0.210628144
2022/1/9,10867,38718,0.280670489,1515,6909,0.219279201
2022/1/10,7481,31261,0.239307764,1349,8862,0.152222974
2022/1/11,9051,35615,0.254134494,1502,8924,0.168310175
2022/1/12,8941,36439,0.245368973,1344,8553,0.157137846
2022/1/13,8664,32203,0.269043257,1144,6830,0.16749634
2022/1/14,10629,45794,0.232104643,1355,8221,0.164821798
2022/1/15,8419,37080,0.227049622,1320,7329,0.180106427
2022/1/16,7483,31277,0.239249289,1506,6662,0.226058241
2022/1/17,6283,29100,0.215910653,1286,9427,0.136416676
2022/1/18,6785,33678,0.201466833,1426,9627,0.148125065
2022/1/19,7836,36107,0.21702163,1264,8639,0.146313231
2022/1/20,8048,35520,0.226576577,1210,7998,0.151287822
2022/1/21,7197,31953,0.225237067,1080,7724,0.139823925
2022/1/22,7584,31140,0.243545279,1116,6487,0.17203638
2022/1/23,6955,29748,0.23379723,984,5872,0.167574932
2022/1/24,5952,31588,0.188425985,1061,8683,0.122192791
2022/1/25,6201,32142,0.192925145,1109,7886,0.140628963
2022/1/26,7326,39037,0.18766811,922,8012,0.115077384
2022/1/27,7096,35629,0.199163603,935,7389,0.126539451
2022/1/28,7109,35655,0.199382976,840,6723,0.124944221
2022/1/29,7264,35086,0.207034145,696,5479,0.12703048
2022/1/30,6606,26231,0.251839427,661,3965,0.166708701
2022/1/31,3417,12602,0.271147437,363,1779,0.204047218
2022/2/1,1283,5214,0.246068278,352,1519,0.231731402
2022/2/2,3028,10887,0.27812988,450,2529,0.177935943
2022/2/3,4004,17341,0.230897872,764,4301,0.177633109
2022/2/4,4330,19234,0.225122179,691,5399,0.127986664
2022/2/5,4084,22408,0.182256337,876,6268,0.139757498
2022/2/6,5202,30603,0.169983335,909,7125,0.127578947
2022/2/7,5411,35294,0.153312178,1069,10596,0.100887127
2022/2/8,4440,27073,0.164001034,1109,9754,0.113696945
2022/2/9,5509,35258,0.156248227,945,9115,0.103675261
2022/2/10,5480,34245,0.160023361,998,8860,0.112641084
2022/2/11,5222,32374,0.16130228,1003,8644,0.116034243
2022/2/12,6127,37098,0.165157151,894,7199,0.124183914
2022/2/13,5146,27953,0.18409473,911,6522,0.139681079
2022/2/14,5527,32284,0.171199356,903,8878,0.101712097
2022/2/15,5869,35063,0.167384422,843,7700,0.109480519
2022/2/16,4855,31990,0.151766177,730,8130,0.089790898
2022/2/17,4766,28371,0.167988439,790,8001,0.098737658
2022/2/18,5372,35209,0.152574626,809,8204,0.098610434
2022/2/19,5378,31422,0.171153969,794,7066,0.112369091
2022/2/20,5245,30669,0.171019596,809,6665,0.121380345
2022/2/21,4428,33412,0.132527236,865,9829,0.088004884
2022/2/22,4352,31919,0.136345124,971,9022,0.107625804
2022/2/23,4509,29558,0.152547534,759,8876,0.085511492
2022/2/24,4946,34708,0.142503169,903,8559,0.105502979
2022/2/25,5480,41479,0.132115046,870,8391,0.103682517
2022/2/26,5363,36958,0.145110666,806,7921,0.101754829
2022/2/27,4164,26209,0.158876722,917,7072,0.12966629
2022/2/28,5244,36263,0.144610209,961,10159,0.094595925
2022/3/1,4763,28880,0.164923823,998,9277,0.107577881
2022/3/2,3868,29779,0.129890191,866,8865,0.097687535
2022/3/3,4519,34283,0.131814602,998,8584,0.116262815
2022/3/4,4562,31570,0.144504276,898,8325,0.107867868
2022/3/5,5389,34179,0.157669914,1055,7966,0.132437861
2022/3/6,6139,36676,0.167384666,1164,7388,0.157552788
2022/3/7,6184,42236,0.14641538,1004,10006,0.100339796
2022/3/8,4916,31850,0.154348509,1078,9448,0.114098222
2022/3/9,3377,26376,0.12803306,911,8827,0.103206072
2022/3/10,3069,25360,0.12101735,1031,8299,0.124231835
2022/3/11,3736,30900,0.120906149,983,6829,0.143944941
2022/3/12,2879,25988,0.110781899,807,4683,0.172325432
2022/3/13,2574,20335,0.126579789,886,4172,0.212368169
2022/3/14,3962,26299,0.150652116,805,5136,0.15673676
2022/3/15,5209,37963,0.137212549,709,4492,0.157836153
2022/3/16,3891,28370,0.137151921,609,3729,0.163314562
2022/3/17,3182,21309,0.149326576,632,3340,0.189221557
2022/3/18,2703,20096,0.134504379,593,3344,0.177332536
2022/3/19,3483,23362,0.149088263,537,3059,0.175547565
2022/3/20,3201,23653,0.13533167,530,2821,0.187876639
2022/3/21,2991,23388,0.127886095,550,3941,0.139558488
2022/3/22,2719,26597,0.102229575,595,4434,0.134190347
2022/3/23,2596,29585,0.087747169,552,4533,0.12177366
2022/3/24,2568,26458,0.097059491,512,4554,0.112428634
2022/3/25,2362,21245,0.111179101,457,4039,0.113146819
2022/3/26,2913,30832,0.094479761,565,4375,0.129142857
2022/3/27,2631,27017,0.097383129,463,3839,0.120604324
2022/3/28,2102,29426,0.071433426,479,5498,0.08712259
2022/3/29,2159,24930,0.086602487,462,4845,0.095356037
2022/3/30,1604,18201,0.088127026,411,4646,0.088463194
2022/3/31,2174,25824,0.084185254,451,4044,0.111523244
2022/4/1,1649,21636,0.076215567,419,3996,0.104854855
2022/4/2,1705,23233,0.073386993,381,3627,0.105045492
2022/4/3,1733,26717,0.064865067,423,4351,0.09721903
2022/4/4,2014,28377,0.070972971,579,6591,0.087847064
2022/4/5,2014,29109,0.069188224,549,6063,0.090549233
2022/4/6,2187,31212,0.070069204,461,5723,0.080552158
2022/4/7,2106,31129,0.067653956,463,5404,0.085677276
2022/4/8,1821,26711,0.06817416,500,5369,0.093127212
2022/4/9,1219,22860,0.053324584,547,4831,0.113227075
2022/4/10,1321,23200,0.056939655,552,4645,0.11883746
2022/4/11,1370,23138,0.059209958,604,6741,0.089600949
2022/4/12,1389,24273,0.057224076,520,5510,0.094373866
2022/4/13,1708,31287,0.054591364,509,6253,0.081400928
2022/4/14,1594,32341,0.049287282,529,5750,0.092
2022/4/15,1786,31843,0.05608768,527,5742,0.091779868
2022/4/16,1647,29554,0.055728497,573,5104,0.11226489
2022/4/17,1999,31497,0.063466362,553,5138,0.107629428
2022/4/18,2514,38623,0.065090749,634,7622,0.083180268
2022/4/19,2593,40956,0.063311847,607,7356,0.082517673
2022/4/20,1664,29325,0.056743393,518,7062,0.073350326
2022/4/21,1337,29907,0.044705253,673,6860,0.098104956
2022/4/22,1667,28793,0.057896016,598,6595,0.090674754
2022/4/23,2264,36315,0.062343384,645,6019,0.107160658
2022/4/24,1627,30889,0.052672472,493,4962,0.099355099
2022/4/25,1879,30185,0.062249462,665,8738,0.076104372
2022/4/26,2032,33857,0.060017131,646,8556,0.075502571
2022/4/27,2246,33828,0.066394703,521,7859,0.066293422
2022/4/28,2068,26849,0.077023353,516,7017,0.073535699
2022/4/29,2377,33746,0.070437978,506,7197,0.070307072
2022/4/30,2244,31370,0.071533312,647,6276,0.103091141
2022/5/1,2900,34207,0.084777969,508,5764,0.088133241
2022/5/2,2993,43033,0.069551275,719,8705,0.082596209
2022/5/3,3207,47379,0.067688216,783,8562,0.091450596
2022/5/4,2779,41324,0.067249056,638,8313,0.076747263
2022/5/5,2548,35923,0.070929488,622,7979,0.077954631
2022/5/6,2412,34335,0.070249017,610,7608,0.080178759
2022/5/7,2706,32710,0.082726995,516,5663,0.091117782
2022/5/8,3242,36516,0.088782999,646,5851,0.110408477
2022/5/9,3143,39296,0.079982695,684,9505,0.071962125
2022/5/10,2683,31622,0.084845993,675,9005,0.074958356
2022/5/11,2854,34683,0.082288153,608,7984,0.076152305
2022/5/12,2979,36669,0.081240285,612,7675,0.079739414
2022/5/13,3077,37493,0.082068653,632,7309,0.086468737
2022/5/14,3176,33817,0.093917261,714,6581,0.10849415
2022/5/15,3435,30971,0.110910206,651,6137,0.106077888
2022/5/16,3902,41491,0.094044492,753,9366,0.080397181
2022/5/17,4180,41025,0.101889092,716,8641,0.08286078
2022/5/18,3469,33605,0.103228686,761,8349,0.091148641
2022/5/19,4357,38199,0.114060578,876,7866,0.11136537
2022/5/20,4328,37421,0.115656984,730,7351,0.099306217
2022/5/21,4705,38194,0.123186888,771,6874,0.112161769
2022/5/22,4839,38423,0.125940192,929,6462,0.143763541
2022/5/23,4133,38096,0.10848908,926,9486,0.097617542
2022/5/24,4364,43847,0.099527904,852,8726,0.097639239
2022/5/25,4682,44562,0.105067098,731,8193,0.089222507
2022/5/26,4209,36184,0.116322131,745,8283,0.089943257
2022/5/27,3915,30609,0.127903558,764,7921,0.096452468
2022/5/28,4804,33725,0.142446256,830,7458,0.11128989
2022/5/29,4426,31461,0.140682114,859,6640,0.12936747
2022/5/30,4521,40482,0.111679265,826,9059,0.091180042
2022/5/31,3810,37028,0.102895106,819,8495,0.096409653
2022/6/1,3733,35944,0.103855998,699,7895,0.088537049
2022/6/2,3536,33704,0.104913363,821,7851,0.104572666
2022/6/3,4364,36820,0.118522542,978,9280,0.105387931
2022/6/4,4772,40603,0.117528261,784,7668,0.102243088
2022/6/5,4186,36774,0.113830424,678,6074,0.111623312
2022/6/6,2965,29350,0.101022147,788,9374,0.0840623
2022/6/7,3683,38552,0.095533306,771,8781,0.087803211
2022/6/8,4028,39564,0.101809726,672,8271,0.081247733
2022/6/9,3641,33267,0.109447801,754,7933,0.09504601
2022/6/10,2808,32574,0.086203721,672,7194,0.093411176
2022/6/11,4190,39456,0.106194242,752,7003,0.10738255
2022/6/12,4574,42639,0.107272685,826,6400,0.1290625
2022/6/13,3736,44331,0.084275112,682,9026,0.075559495
2022/6/14,4839,48354,0.100074451,759,8355,0.090843806
2022/6/15,4483,47605,0.09417078,692,8603,0.080437057
2022/6/16,4036,40852,0.098795653,749,8178,0.091587185
2022/6/17,3857,34275,0.112530999,734,7737,0.094868812
2022/6/18,3741,32037,0.116771233,778,6714,0.115877271
2022/6/19,3476,30116,0.115420375,824,6264,0.131545338
2022/6/20,3977,38475,0.103365822,851,9213,0.092369478
2022/6/21,3649,36738,0.09932495,775,8764,0.088429941
2022/6/22,3522,37317,0.094380577,676,8058,0.083891785
2022/6/23,3610,39009,0.092542747,706,7149,0.098755071
2022/6/24,3364,36784,0.091452806,680,7851,0.08661317
2022/6/25,4055,37975,0.106780777,792,6807,0.116350815
2022/6/26,3748,34003,0.110225568,652,6055,0.107679604
2022/6/27,4463,42757,0.104380569,727,8256,0.088057171
2022/6/28,3985,39514,0.100850332,777,8755,0.088749286
2022/6/29,5023,56398,0.089063442,665,8229,0.080811763
2022/6/30,3628,39354,0.09218885,720,7645,0.094179202
2022/7/1,3398,37801,0.089891802,797,8636,0.092288096
2022/7/2,4382,45670,0.095949201,752,7474,0.100615467
2022/7/3,4481,37787,0.118585757,814,6622,0.122923588
2022/7/4,4249,38869,0.109315907,921,10195,0.090338401
2022/7/5,4851,51514,0.094168576,864,8949,0.0965471
2022/7/6,3426,35729,0.095888494,586,7190,0.081502086
2022/7/7,4297,43083,0.099737716,736,8398,0.087639914
2022/7/8,5539,51739,0.107056572,853,8795,0.096986924
2022/7/9,4853,46947,0.103371887,944,7321,0.128944133
2022/7/10,5386,45266,0.118985552,952,6739,0.14126725
2022/7/11,6268,61069,0.102638,1044,10848,0.096238938
2022/7/12,4039,39921,0.10117482,846,8466,0.099929128
2022/7/13,4880,48426,0.100772312,862,9083,0.094902565
2022/7/14,6203,54495,0.113826957,938,8728,0.107470211
2022/7/15,4041,36429,0.110928107,910,8801,0.103397341
2022/7/16,6696,48014,0.139459324,934,7199,0.129740242
2022/7/17,5608,42930,0.13063126,894,7055,0.126718639
2022/7/18,4966,40403,0.122911665,1085,10343,0.104901866
2022/7/19,6738,51097,0.131866841,1023,9787,0.104526413
2022/7/20,5622,49955,0.112541287,917,8502,0.107856975
2022/7/21,5836,51626,0.113043815,983,8694,0.113066483
2022/7/22,6535,56538,0.115585978,927,8745,0.106003431
2022/7/23,5438,41426,0.131270217,970,6945,0.139668826
2022/7/24,6798,54565,0.124585357,967,7164,0.134980458
2022/7/25,5821,56778,0.102522104,1167,10961,0.106468388
2022/7/26,7383,53814,0.137194782,1136,10379,0.109451778
2022/7/27,6706,48281,0.138895218,1036,9728,0.106496711
2022/7/28,6652,51810,0.128392202,978,9065,0.107887479
2022/7/29,6951,56605,0.122798339,1010,8653,0.116722524
2022/7/30,6409,48952,0.130924171,955,7432,0.128498385
2022/7/31,7961,53393,0.149101942,1079,7328,0.14724345
2022/8/1,6882,69088,0.099612089,1757,17388,0.101046699
2022/8/2,6003,58900,0.101918506,1201,9833,0.122139734
2022/8/3,6759,61437,0.110015137,1038,9655,0.107509063
2022/8/4,6885,58030,0.118645528,976,8893,0.109749241
2022/8/5,6010,51919,0.115757237,1157,8689,0.133156865
2022/8/6,5112,42347,0.120716934,1102,7168,0.153738839
2022/8/7,5904,49830,0.118482842,1047,6829,0.153316737
2022/8/8,4980,50629,0.098362599,1325,10620,0.124764595
2022/8/9,4964,44281,0.112102256,990,8607,0.115022656
2022/8/10,6247,44922,0.139063265,987,8525,0.115777126
2022/8/11,6046,45861,0.131833148,990,8475,0.116814159
2022/8/12,5434,37570,0.144636678,1078,8387,0.128532252
2022/8/13,6365,46559,0.136708263,1059,7620,0.138976378
2022/8/14,5241,37260,0.140660225,1039,7231,0.143686904
2022/8/15,6604,52625,0.125491686,1296,11084,0.116925298
2022/8/16,6532,54556,0.119730185,1191,10290,0.11574344
2022/8/17,6509,50732,0.128301664,1201,9866,0.121731198
2022/8/18,5002,38253,0.130760986,1122,9043,0.124073869
2022/8/19,6527,42237,0.154532756,1074,7586,0.141576588
2022/8/20,8323,51493,0.16163362,1138,7496,0.151814301
2022/8/21,6809,36810,0.184976908,1216,7790,0.156097561
2022/8/22,5689,43391,0.131110138,1390,10747,0.12933842
2022/8/23,7450,54999,0.135457008,1189,10493,0.113313638
2022/8/24,7414,49543,0.149647781,1170,10015,0.116824763
2022/8/25,6330,41254,0.153439666,1065,9066,0.117471873
2022/8/26,7406,52015,0.142382005,1274,9270,0.137432578
2022/8/27,7805,52243,0.149398005,1023,7639,0.133918052
2022/8/28,8989,51829,0.173435721,1263,7708,0.163855734
2022/8/29,8943,58636,0.152517225,1237,10249,0.120694702
2022/8/30,7393,49287,0.149998986,1046,9498,0.110128448
2022/8/31,7797,57171,0.136380333,964,8558,0.112643141
2022/9/1,6525,52352,0.124637072,908,7775,0.116784566
2022/9/2,6930,50579,0.137013385,905,7839,0.115448399
2022/9/3,6453,40147,0.160734301,1040,7533,0.138059206
2022/9/4,6805,41384,0.164435531,1190,7190,0.16550765
2022/9/5,8022,54815,0.146346803,1245,9696,0.128403465
2022/9/6,7346,49530,0.148314153,1052,8948,0.117568172
2022/9/7,8661,54891,0.157785429,1109,8097,0.136964308
2022/9/8,8958,56454,0.158677862,1099,7380,0.148915989
2022/9/9,8008,47232,0.16954607,1169,7332,0.15943808
2022/9/10,6280,33942,0.185021507,1199,5729,0.209286088
2022/9/11,8833,50968,0.173304819,1369,7462,0.183462879
2022/9/12,9640,58624,0.164437773,1721,10528,0.163468845
2022/9/13,8673,55771,0.155510929,1256,9725,0.129151671
2022/9/14,8055,56231,0.143248386,1240,9125,0.135890411
2022/9/15,4832,33345,0.144909282,880,6726,0.130835563
2022/9/16,6811,53812,0.126570282,1038,7524,0.137958533
2022/9/17,7817,47850,0.163364681,1337,7897,0.169304799
2022/9/18,8026,40536,0.197996842,1265,7646,0.165445985
2022/9/19,7407,50792,0.145830052,1224,10267,0.119216909
2022/9/20,7793,51779,0.150505031,1214,9528,0.127413938
2022/9/21,6497,44886,0.144744464,1102,9063,0.121593291
2022/9/22,7180,43175,0.166299942,1101,8476,0.129896177
2022/9/23,7378,44820,0.164614012,1050,8383,0.125253489
2022/9/24,6729,37357,0.180126884,1259,7468,0.168585967
2022/9/25,6796,35675,0.190497547,1323,7461,0.177322075
2022/9/26,6600,41336,0.159667118,1388,10099,0.13743935
2022/9/27,6766,38827,0.17426018,1377,10029,0.137301825
2022/9/28,5602,35206,0.159120604,1194,9252,0.129053178
2022/9/29,5452,28827,0.189128248,1071,8234,0.13007044
2022/9/30,5976,34891,0.17127626,1099,8133,0.135128489
2022/10/1,6945,43338,0.160251973,1394,7975,0.174796238
2022/10/2,6694,40449,0.165492348,1301,7184,0.181096882
2022/10/3,4689,29208,0.160538209,1266,9822,0.128894319
2022/10/4,5946,36385,0.163418991,1244,9940,0.125150905
2022/10/5,5758,30632,0.187973361,1121,9341,0.120008564
2022/10/6,6291,39868,0.157795726,1205,8405,0.143367043
2022/10/7,6876,37456,0.183575395,1227,8461,0.145018319
2022/10/8,6684,45118,0.148144865,813,6224,0.130623393
2022/10/9,5529,38702,0.142860834,708,5381,0.131574057
2022/10/10,5017,32951,0.152256381,911,8680,0.104953917
2022/10/11,5161,39426,0.130903465,1006,8871,0.113403224
2022/10/12,4191,29988,0.139755902,999,8716,0.114616797
2022/10/13,5838,39423,0.148086143,958,8077,0.118608394
2022/10/14,5776,42722,0.135199663,991,7816,0.126791198
2022/10/15,4874,34836,0.139912734,1208,7355,0.164242012
2022/10/16,5609,41087,0.136515199,1179,7117,0.165659688
2022/10/17,5927,46930,0.126294481,1213,9007,0.134673032
2022/10/18,5670,38752,0.146315029,972,7521,0.129238133
2022/10/19,6040,46356,0.13029597,778,6896,0.112819026
2022/10/20,6660,47753,0.139467677,892,6106,0.146085817
2022/10/21,5821,45481,0.127987511,1038,6825,0.152087912
2022/10/22,5718,41015,0.13941241,1052,5985,0.175772765
2022/10/23,6231,42782,0.145645365,1227,6167,0.198962218
2022/10/24,6177,49306,0.125278871,1105,8295,0.133212779
2022/10/25,5986,46017,0.130082361,1035,7765,0.133290406
2022/10/26,6496,51305,0.12661534,1093,8708,0.125516766
2022/10/27,6251,45945,0.136053978,1005,8118,0.123798965
2022/10/28,6417,41217,0.155688187,1082,7936,0.136340726
2022/10/29,6950,45548,0.152586283,1087,7116,0.152754356
2022/10/30,6802,39482,0.172281039,1056,6748,0.156490812
2022/10/31,6066,44352,0.136769481,1193,9292,0.128390013
2022/11/1,6219,46436,0.133926264,1025,8340,0.122901679
2022/11/2,5878,45307,0.129737127,1062,8505,0.124867725
2022/11/3,6342,50523,0.125526988,994,7859,0.126479196
2022/11/4,7424,55316,0.134210717,1036,8279,0.125135886
2022/11/5,8375,53597,0.156258746,1171,6992,0.167477117
2022/11/6,8693,54013,0.160942736,1116,6828,0.16344464
2022/11/7,8936,62471,0.143042372,1165,9625,0.121038961
2022/11/8,7526,61466,0.122441675,1113,8659,0.128536783
2022/11/9,6998,53090,0.131813901,937,8193,0.114365922
2022/11/10,6375,43416,0.146835268,990,7774,0.127347569
2022/11/11,6202,44267,0.140104367,825,6667,0.123743813
2022/11/12,5091,37271,0.136594135,901,5300,0.17
2022/11/13,6588,45249,0.145594378,866,5412,0.160014782
2022/11/14,5977,50445,0.118485479,1060,8142,0.130189143
2022/11/15,5309,39634,0.133950648,1007,7802,0.129069469
2022/11/16,6835,45387,0.150593782,934,7922,0.11789952
2022/11/17,5804,41214,0.140825933,995,7466,0.133270828
2022/11/18,5249,40294,0.130267534,1001,7902,0.126676791
2022/11/19,6295,44897,0.140209814,1020,6751,0.151088728
2022/11/20,7354,47739,0.154045958,1064,6498,0.16374269
2022/11/21,5591,43453,0.128667756,1072,9289,0.115405318
2022/11/22,4566,33699,0.135493635,1032,7862,0.131264309
2022/11/23,5460,40280,0.135551142,951,7320,0.129918033
2022/11/24,5038,38514,0.130809576,862,6664,0.129351741
2022/11/25,4435,32961,0.134552957,914,5590,0.163506261
2022/11/26,3969,23901,0.166059997,639,3522,0.181431005
2022/11/27,4065,25160,0.161565978,709,3311,0.214134703
2022/11/28,3408,20993,0.162339828,662,4228,0.156575213
2022/11/29,2855,19051,0.1498609,781,5216,0.149731595
2022/11/30,2904,20015,0.145091182,605,4748,0.127422072
2022/12/1,2780,23190,0.119879258,665,4793,0.138744002
2022/12/2,2379,20710,0.114872042,707,5453,0.129653402
2022/12/3,2552,23305,0.109504398,701,5053,0.138729468
2022/12/4,2526,20709,0.121975952,661,4655,0.141997852
2022/12/5,4313,29425,0.146576041,806,7402,0.108889489
2022/12/6,3859,28766,0.134151429,974,7863,0.123871296
2022/12/7,3717,27372,0.135795704,962,7331,0.131223571
2022/12/8,4288,26025,0.164764649,806,6925,0.116389892
2022/12/9,5481,29331,0.186867137,786,6931,0.113403549
2022/12/10,3673,19903,0.184545043,747,5744,0.130048747
2022/12/11,4322,19808,0.218194669,745,5456,0.136546921
2022/12/12,5206,22111,0.235448419,1088,7870,0.138246506
2022/12/13,4496,19085,0.235577679,1192,7497,0.158996932
2022/12/14,7250,24802,0.292315136,1391,7150,0.194545455
2022/12/15,8631,26109,0.330575664,1573,6445,0.244065167
2022/12/16,9810,30869,0.317794551,1528,5696,0.268258427
2022/12/17,7565,21564,0.350816175,1226,4024,0.304671968
2022/12/18,8942,25194,0.354925776,1409,3904,0.360911885
2022/12/19,9972,29130,0.342327497,1578,5150,0.306407767
2022/12/20,9309,26873,0.346407174,1636,5052,0.323832146
2022/12/21,10961,28278,0.387615814,1680,4478,0.375167485
2022/12/22,11333,25291,0.448104069,1578,4023,0.392244594
2022/12/23,10367,24904,0.416278509,1598,4357,0.366766123
2022/12/24,9270,22682,0.408694119,1592,4022,0.395822974
2022/12/25,9308,22171,0.419827703,1648,3922,0.420193779
2022/12/26,9870,26071,0.378581566,1731,5914,0.292695299
2022/12/27,7566,20176,0.375,1907,6167,0.309226528
2022/12/28,8579,22673,0.37837957,2068,6033,0.342781369
2022/12/29,8985,21586,0.416242009,2070,6149,0.336640104
2022/12/30,7391,19681,0.375539861,2070,6337,0.32665299
2022/12/31,11633,27299,0.426132825,1865,5524,0.337617668
2023/1/1,16239,34321,0.473150549,1341,4054,0.33078441
2023/1/2,17419,44465,0.391746317,1751,6379,0.274494435
2023/1/3,14813,38096,0.388833473,1542,6038,0.255382577
2023/1/4,16076,41765,0.384915599,1597,6222,0.256669881
2023/1/5,16626,45444,0.365856879,1403,5511,0.254581746
2023/1/6,15433,44031,0.350503055,1440,5577,0.258203335
2023/1/7,14253,40975,0.347846248,1365,5137,0.265719291
2023/1/8,12285,37737,0.325542571,1158,4748,0.243892165
2023/1/9,12691,43681,0.29053822,1367,6722,0.203362095
2023/1/10,11199,39139,0.286134035,1190,6421,0.185329388
2023/1/11,10628,40377,0.263219159,1190,6170,0.19286872
2023/1/12,10529,38674,0.272250091,1166,5884,0.198164514
2023/1/13,8888,31013,0.286589495,1066,5524,0.192976104
2023/1/14,6927,23210,0.298448944,846,3960,0.213636364
2023/1/15,7383,26876,0.274706057,809,3901,0.207382722
2023/1/16,8143,32587,0.249884923,984,6073,0.162028651
2023/1/17,7160,29495,0.242753009,909,5648,0.160941926
2023/1/18,7590,29372,0.258409369,834,5413,0.154073527
2023/1/19,7347,30354,0.242043882,891,4608,0.193359375
2023/1/20,6231,22871,0.272441083,661,3748,0.176360726
2023/1/21,2278,8904,0.255840072,289,1442,0.200416089
2023/1/22,827,4122,0.200630762,213,1052,0.202471483
2023/1/23,2636,10093,0.261171109,471,2153,0.218764515
2023/1/24,2737,11777,0.23240214,546,3215,0.169828927
2023/1/25,4109,18210,0.22564525,670,4452,0.15049416
2023/1/26,4288,20393,0.210268229,841,5377,0.156406918
2023/1/27,4866,25297,0.192354825,809,6516,0.124155924
2023/1/28,4774,27771,0.171905945,703,5729,0.122709024
2023/1/29,4600,25746,0.178668531,600,5246,0.114372856
2023/1/30,4679,31227,0.149838281,896,8326,0.107614701
2023/1/31,4321,28318,0.15258846,759,7507,0.101105635
2023/2/1,3929,26268,0.149573626,714,7241,0.098605165
2023/2/2,4192,27982,0.149810593,716,6612,0.108287961
2023/2/3,4135,27946,0.14796393,733,6925,0.105848375
2023/2/4,3567,24254,0.147068525,672,5300,0.126792453
2023/2/5,3600,22575,0.159468439,532,4756,0.111858705
2023/2/6,3835,31680,0.121054293,749,7995,0.093683552
2023/2/7,4439,34310,0.12937919,667,7384,0.090330444
2023/2/8,4108,32348,0.126993941,604,7135,0.084653118
2023/2/9,3590,28740,0.124913013,547,6103,0.089628052
2023/2/10,3821,30262,0.126263961,620,6544,0.094743276
2023/2/11,3914,31811,0.1230392,659,6137,0.107381457
2023/2/12,3172,24818,0.12781046,577,5623,0.102614263
2023/2/13,3671,30586,0.120022232,643,7707,0.083430647
2023/2/14,3804,31419,0.121073236,575,6983,0.082342833
2023/2/15,3386,27621,0.122587886,513,6849,0.074901445
2023/2/16,3816,29070,0.13126935,609,6491,0.093822215
2023/2/17,4018,29009,0.138508739,594,6524,0.091048437
2023/2/18,3781,26688,0.141674161,666,6109,0.109019479
2023/2/19,3916,28778,0.136076169,656,5924,0.110735989
2023/2/20,4465,32932,0.135582412,715,7694,0.092929555
2023/2/21,3782,29450,0.128421053,616,6890,0.089404935
2023/2/22,3890,26264,0.148111483,636,7032,0.090443686
2023/2/23,4528,28325,0.159858782,728,6555,0.111060259
2023/2/24,4730,28501,0.165959089,768,6700,0.114626866
2023/2/25,5112,28033,0.182356508,831,6274,0.132451387
2023/2/26,5727,30690,0.186608016,926,6652,0.139206254
2023/2/27,6363,35535,0.179062896,1102,8613,0.127946128
2023/2/28,6492,34741,0.186868541,1041,7947,0.130992827
2023/3/1,5361,26262,0.204135252,969,7430,0.130417227
2023/3/2,6448,30372,0.212300803,1083,7075,0.153074205
2023/3/3,6798,29251,0.232402311,1248,7679,0.162521162
2023/3/4,6692,26338,0.254081555,1323,6999,0.189027004
2023/3/5,6963,24354,0.285907859,1397,6562,0.212892411
2023/3/6,7096,28840,0.246047157,1612,9007,0.178971911
2023/3/7,7405,28240,0.262216714,1473,8085,0.182189239
2023/3/8,8803,31723,0.277495823,1240,7782,0.159342071
2023/3/9,7436,27081,0.274583656,1297,7212,0.179839157
2023/3/10,9960,34171,0.291475228,1534,7759,0.19770589
2023/3/11,7964,25774,0.308993559,1446,6718,0.215242632
2023/3/12,10698,30824,0.34706722,1573,6523,0.241146712
2023/3/13,10701,36064,0.296722493,1505,8511,0.176829985
2023/3/14,7271,27624,0.263213148,1485,8118,0.182926829
2023/3/15,8726,28503,0.306143213,1338,7409,0.180591173
2023/3/16,9476,31245,0.303280525,1245,7037,0.176921984
2023/3/17,10730,35247,0.304423071,1114,6732,0.165478313
2023/3/18,10333,34156,0.302523715,1284,6502,0.197477699
2023/3/19,9357,30582,0.305964293,1177,6248,0.188380282
2023/3/20,10105,35808,0.282199508,1265,8339,0.151696846
2023/3/21,8991,33280,0.27016226,1151,7656,0.150339603
2023/3/22,8821,33389,0.264188805,1023,7309,0.139964427
2023/3/23,7499,29429,0.254816677,976,6594,0.148013345
2023/3/24,5235,22063,0.237275076,934,6679,0.139841294
2023/3/25,6182,28100,0.22,880,6134,0.143462667
2023/3/26,5642,27954,0.20183158,850,6322,0.134451123
2023/3/27,5724,31468,0.181899072,937,8200,0.114268293
2023/3/28,7130,37037,0.192510193,829,7670,0.108083442
2023/3/29,6956,39422,0.176449698,793,6967,0.113822305
2023/3/30,6741,37868,0.178013098,798,6504,0.122693727
2023/3/31,5864,34484,0.170049878,759,6379,0.118984167
2023/4/1,6179,31709,0.194865811,823,6056,0.135898283
2023/4/2,6719,33660,0.199613785,747,5581,0.133846981
2023/4/3,7254,43027,0.168591814,834,7865,0.106039415
2023/4/4,5113,27032,0.189146197,660,6185,0.106709782
2023/4/5,5750,31134,0.184685553,748,7157,0.104513064
2023/4/6,6602,42103,0.156805928,662,6681,0.099086963
2023/4/7,6856,48746,0.140647438,685,6859,0.099868786
2023/4/8,6517,45608,0.142891598,689,6024,0.11437583
2023/4/9,6367,41929,0.15185194,692,6100,0.113442623
2023/4/10,6866,54350,0.126329347,775,8463,0.091575092
2023/4/11,5662,40544,0.13965075,778,7712,0.100881743
2023/4/12,5363,39885,0.134461577,727,7518,0.09670125
2023/4/13,5195,35384,0.146817771,737,6904,0.10674971
2023/4/14,6209,43330,0.143295638,750,6756,0.111012433
2023/4/15,6249,40819,0.153090473,698,5878,0.118747873
2023/4/16,5350,32880,0.162712895,747,5975,0.125020921
2023/4/17,5543,40386,0.137250532,841,8147,0.103228182
2023/4/18,4533,31286,0.144889088,776,7264,0.106828194
2023/4/19,4507,30407,0.148222449,636,7177,0.088616414
2023/4/20,4446,31086,0.143022583,656,6154,0.106597335
2023/4/21,4270,31255,0.136618141,672,6276,0.10707457
2023/4/22,5767,35889,0.160689905,784,5967,0.131389308
2023/4/23,6227,36030,0.172828199,614,5014,0.12245712
2023/4/24,6663,43830,0.152019165,811,7762,0.104483381
2023/4/25,5803,36153,0.160512267,756,7477,0.101110071
2023/4/26,5509,36182,0.152258029,696,7159,0.097220282
2023/4/27,5421,34482,0.157212459,724,6722,0.10770604
2023/4/28,5103,32062,0.159160377,754,6936,0.108708189
2023/4/29,5731,31784,0.180310848,788,6435,0.122455322
2023/4/30,5829,31679,0.18400202,798,6266,0.127353974
2023/5/1,4539,26675,0.170159325,927,8122,0.11413445
2023/5/2,5699,32874,0.173358885,942,7806,0.120676403
2023/5/3,5268,31376,0.167899031,836,7797,0.107220726
2023/5/4,4275,25267,0.169193019,685,6437,0.106416032
2023/5/5,5741,37083,0.154814875,753,6919,0.108830756
2023/5/6,5878,40365,0.145621206,696,5628,0.123667377
2023/5/7,6525,40771,0.160040225,888,6358,0.139666562
2023/5/8,6547,46047,0.142180815,896,8680,0.103225806
2023/5/9,6834,46075,0.148323386,842,8001,0.105236845
2023/5/10,6195,39291,0.157669695,853,7793,0.109457205
2023/5/11,3741,23832,0.156973817,860,7009,0.122699387
2023/5/12,6470,36056,0.179443089,909,7067,0.128626008
2023/5/13,6677,36218,0.184355845,936,6383,0.146639511
2023/5/14,6559,35265,0.185991777,887,6144,0.14436849
2023/5/15,3991,26475,0.150745987,1002,8475,0.118230088
2023/5/16,7077,41757,0.169480566,883,7476,0.118111289
2023/5/17,6562,38577,0.170101356,966,7444,0.129768941
2023/5/18,6593,37996,0.173518265,853,6868,0.124199185
2023/5/19,7187,41760,0.17210249,859,6721,0.127808362
2023/5/20,8056,45100,0.178625277,949,6469,0.146699644
2023/5/21,7657,35377,0.21644006,948,6165,0.15377129
2023/5/22,8299,44796,0.185262077,986,8479,0.116287298
2023/5/23,7876,41356,0.19044395,945,7845,0.120458891
2023/5/24,7878,40570,0.194182894,936,7357,0.127225771
2023/5/25,8024,39266,0.204349819,871,6978,0.124820866
2023/5/26,7283,36186,0.201265683,854,7072,0.120757919
2023/5/27,8867,39976,0.221808085,1011,6513,0.155228006
2023/5/28,7539,34171,0.220625677,937,6179,0.151642661
2023/5/29,9668,50622,0.190984157,572,4112,0.139105058
2023/5/30,6933,37981,0.182538638,905,7501,0.12065058
2023/5/31,5975,31715,0.188396658,822,6809,0.120722573
2023/6/1,7203,38318,0.18797954,808,6266,0.128949888
2023/6/2,6063,32028,0.18930311,866,6855,0.126331145
2023/6/3,7796,38007,0.205120109,1024,6484,0.157927205
2023/6/4,7414,33434,0.221750314,1039,6469,0.16061215
2023/6/5,9954,49205,0.202296515,1117,8757,0.127555099
2023/6/6,8538,40530,0.210658771,960,7615,0.126066973
2023/6/7,7821,35800,0.218463687,971,7337,0.132342919
2023/6/8,7920,35182,0.225115116,927,6613,0.140178436
2023/6/9,8287,37572,0.220563185,959,6724,0.142623438
2023/6/10,7803,33261,0.23459908,1065,6399,0.166432255
2023/6/11,8061,34227,0.235515821,1013,6196,0.163492576
2023/6/12,9364,45818,0.204373827,1076,8309,0.129498135
2023/6/13,10060,48673,0.206685431,949,7506,0.126432188
2023/6/14,9659,44404,0.217525448,964,7200,0.133888889
2023/6/15,9890,46365,0.213307452,816,6456,0.126394052
2023/6/16,9403,45060,0.208677319,889,6865,0.129497451
2023/6/17,8721,41569,0.209795761,872,5911,0.14752157
2023/6/18,9285,43525,0.213325675,865,5693,0.15194098
2023/6/19,8870,45253,0.196009104,875,7747,0.112946947
2023/6/20,8234,46516,0.177014361,857,7367,0.116329578
2023/6/21,8112,44874,0.180772831,,,
2023/6/22,7161,35311,0.202797995,,,
2023/6/23,5717,27026,0.211537038,,,
2023/6/24,5636,26930,0.209283327,,,
2023/6/25,7826,39263,0.199322517,,,
2023/6/26,7271,40897,0.177788102,,,
2023/6/27,6978,39792,0.175361882,,,
2023/6/28,5790,35673,0.162307628,,,
2023/6/29,5726,33551,0.170665554,,,
2023/6/30,5230,35892,0.145714923,,,
2023/7/1,7238,44161,0.163900274,,,
2023/7/2,6326,37695,0.167820666,,,
2023/7/3,6844,45733,0.149651237,,,
2023/7/4,5416,33228,0.162995064,,,
2023/7/5,6088,37595,0.161936428,,,
2023/7/6,6436,40415,0.159247804,,,
2023/7/7,6894,43851,0.157214203,,,
2023/7/8,6143,36454,0.168513743,,,
2023/7/9,6697,39495,0.169565768,,,
2023/7/10,7555,49811,0.151673325,,,
2023/7/11,7618,42074,0.181061938,,,
2023/7/12,6519,37499,0.173844636,,,
2023/7/13,6416,36801,0.174343089,,,
2023/7/14,5975,36145,0.165306405,,,
2023/7/15,5984,32260,0.18549287,,,
2023/7/16,5820,29501,0.197281448,,,
2023/7/17,5706,30985,0.184153623,,,
2023/7/18,6046,33475,0.180612397,,,
2023/7/19,5855,33964,0.172388411,,,
2023/7/20,5432,31302,0.173535237,,,
2023/7/21,5455,31369,0.173897797,,,
2023/7/22,5028,27347,0.18385929,,,
2023/7/23,5163,28364,0.182026512,,,
2023/7/24,6452,38725,0.166610717,,,
2023/7/25,5430,30070,0.18057865,,,
2023/7/26,5205,29879,0.174202617,,,
2023/7/27,5248,28427,0.18461322,,,
2023/7/28,5709,34087,0.167483205,,,
2023/7/29,6523,33634,0.193940655,,,
2023/7/30,7147,39755,0.179776129,,,
2023/7/31,6600,40187,0.164232214,,,
2023/8/1,6095,32422,0.187989637,,,
2023/8/2,4173,25647,0.162709089,,,
2023/8/3,3623,21399,0.169306977,,,
2023/8/4,4124,26461,0.155852009,,,
2023/8/5,4208,25795,0.16313239,,,
2023/8/6,4280,24499,0.174701008,,,
2023/8/7,4180,27231,0.153501524,,,
2023/8/8,4872,27764,0.175479038,,,
2023/8/9,4268,25605,0.166686194,,,
2023/8/10,5472,35829,0.152725446,,,
2023/8/11,5892,38499,0.153042936,,,
2023/8/12,5376,33289,0.161494788,,,
2023/8/13,6482,37476,0.17296403,,,
2023/8/14,4967,32864,0.151138023,,,
2023/8/15,5186,32849,0.157873908,,,
2023/8/16,5324,30331,0.175529986,,,
2023/8/17,6814,36230,0.18807618,,,
2023/8/18,8,30,0.266666667,,,
